REM INSERTING into ORGANIZATION_FOR_PRACTICE
SET DEFINE OFF;
Insert into ORGANIZATION_FOR_PRACTICE (ORGANIZATION_NAME,ADRESS,LONGITUDE,LATITUDE) values ('Organization 2','Adres 2','30.4943237','50.4814816');
Insert into ORGANIZATION_FOR_PRACTICE (ORGANIZATION_NAME,ADRESS,LONGITUDE,LATITUDE) values ('Organization 3','Adres 3','30.5209707','50.4378633');
Insert into ORGANIZATION_FOR_PRACTICE (ORGANIZATION_NAME,ADRESS,LONGITUDE,LATITUDE) values ('Organization 4','Adres 4','30.7511124','50.7654041');
Insert into ORGANIZATION_FOR_PRACTICE (ORGANIZATION_NAME,ADRESS,LONGITUDE,LATITUDE) values ('Organization 5','Adres 5','30.2511124','50.2654041');
Insert into ORGANIZATION_FOR_PRACTICE (ORGANIZATION_NAME,ADRESS,LONGITUDE,LATITUDE) values ('Organization 6','Adres 6','30.0511124','50.0654041');
Insert into ORGANIZATION_FOR_PRACTICE (ORGANIZATION_NAME,ADRESS,LONGITUDE,LATITUDE) values ('Organization 7','Adres 7','31.4511124','51.4654041');
Insert into ORGANIZATION_FOR_PRACTICE (ORGANIZATION_NAME,ADRESS,LONGITUDE,LATITUDE) values ('Organization 8','Adres 8','31.0511124','51.0654041');
Insert into ORGANIZATION_FOR_PRACTICE (ORGANIZATION_NAME,ADRESS,LONGITUDE,LATITUDE) values ('Organization 9','Adres 9','30.6511124','50.6654041');
Insert into ORGANIZATION_FOR_PRACTICE (ORGANIZATION_NAME,ADRESS,LONGITUDE,LATITUDE) values ('Organization 10','Adres 10','31.7511124','51.7654041');
Insert into ORGANIZATION_FOR_PRACTICE (ORGANIZATION_NAME,ADRESS,LONGITUDE,LATITUDE) values ('Organization 11','Adres 11','30.4428342','50.4478708');
Insert into ORGANIZATION_FOR_PRACTICE (ORGANIZATION_NAME,ADRESS,LONGITUDE,LATITUDE) values ('Organization 12','Adres 12','30.4511124','50.4654041');
Insert into ORGANIZATION_FOR_PRACTICE (ORGANIZATION_NAME,ADRESS,LONGITUDE,LATITUDE) values ('Organization 13','Adres 13','30.4511124','50.4654041');
Insert into ORGANIZATION_FOR_PRACTICE (ORGANIZATION_NAME,ADRESS,LONGITUDE,LATITUDE) values ('Organization 14','Adres 14','30.4511124','50.4654041');
Insert into ORGANIZATION_FOR_PRACTICE (ORGANIZATION_NAME,ADRESS,LONGITUDE,LATITUDE) values ('Organization 15','Adres 15','30.4511124','50.4654041');
Insert into ORGANIZATION_FOR_PRACTICE (ORGANIZATION_NAME,ADRESS,LONGITUDE,LATITUDE) values ('Organization 16','Adres 16','30.4511124','50.4654041');
Insert into ORGANIZATION_FOR_PRACTICE (ORGANIZATION_NAME,ADRESS,LONGITUDE,LATITUDE) values ('Organization 17','Adres 17','30.4511124','50.4654041');
Insert into ORGANIZATION_FOR_PRACTICE (ORGANIZATION_NAME,ADRESS,LONGITUDE,LATITUDE) values ('Organization 18','Adres 18','30.4511124','50.4654041');
Insert into ORGANIZATION_FOR_PRACTICE (ORGANIZATION_NAME,ADRESS,LONGITUDE,LATITUDE) values ('Organization 19','Adres 19','30.4511124','50.4654041');
Insert into ORGANIZATION_FOR_PRACTICE (ORGANIZATION_NAME,ADRESS,LONGITUDE,LATITUDE) values ('Organization 20','Adres 20','30.4511124','50.4654041');
Insert into ORGANIZATION_FOR_PRACTICE (ORGANIZATION_NAME,ADRESS,LONGITUDE,LATITUDE) values ('Organization 21','Adres 21','50.4654041','30.4511124');
Insert into ORGANIZATION_FOR_PRACTICE (ORGANIZATION_NAME,ADRESS,LONGITUDE,LATITUDE) values ('Organization 1','Adres 1','30.4511124','50.4654041');
REM INSERTING into FACULTY
SET DEFINE OFF;
Insert into FACULTY (FACULTY_NAME) values ('ІПСА');
Insert into FACULTY (FACULTY_NAME) values ('ФМФ');
Insert into FACULTY (FACULTY_NAME) values ('ФПМ');
REM INSERTING into GROUPS
SET DEFINE OFF;
Insert into GROUPS (GROUP_NAME) values ('ДА-31');
Insert into GROUPS (GROUP_NAME) values ('ДА-32');
Insert into GROUPS (GROUP_NAME) values ('ДА-33');
Insert into GROUPS (GROUP_NAME) values ('ДА-34');
Insert into GROUPS (GROUP_NAME) values ('ДА-35');
Insert into GROUPS (GROUP_NAME) values ('КА-31');
Insert into GROUPS (GROUP_NAME) values ('КА-32');
Insert into GROUPS (GROUP_NAME) values ('КА-33');
Insert into GROUPS (GROUP_NAME) values ('КА-34');
Insert into GROUPS (GROUP_NAME) values ('КА-35');
Insert into GROUPS (GROUP_NAME) values ('КВ-31');
Insert into GROUPS (GROUP_NAME) values ('КВ-32');
Insert into GROUPS (GROUP_NAME) values ('КВ-33');
Insert into GROUPS (GROUP_NAME) values ('КМ-31');
Insert into GROUPS (GROUP_NAME) values ('КМ-32');
Insert into GROUPS (GROUP_NAME) values ('КМ-33');
Insert into GROUPS (GROUP_NAME) values ('КП-31');
Insert into GROUPS (GROUP_NAME) values ('КП-32');
Insert into GROUPS (GROUP_NAME) values ('КП-33');
Insert into GROUPS (GROUP_NAME) values ('ОД-31');
Insert into GROUPS (GROUP_NAME) values ('ОД-32');
Insert into GROUPS (GROUP_NAME) values ('ОД-33');
Insert into GROUPS (GROUP_NAME) values ('ОМ-31');
Insert into GROUPS (GROUP_NAME) values ('ОМ-32');
Insert into GROUPS (GROUP_NAME) values ('ОМ-33');
REM INSERTING into USERS
SET DEFINE OFF;
Insert into USERS (LOGIN,PASSWORD,ROLE) values ('log2','log2','0');
Insert into USERS (LOGIN,PASSWORD,ROLE) values ('log3','log3','0');
Insert into USERS (LOGIN,PASSWORD,ROLE) values ('log4','log4','0');
Insert into USERS (LOGIN,PASSWORD,ROLE) values ('log5','log5','0');
Insert into USERS (LOGIN,PASSWORD,ROLE) values ('log6','log6','0');
Insert into USERS (LOGIN,PASSWORD,ROLE) values ('log7','log7','0');
Insert into USERS (LOGIN,PASSWORD,ROLE) values ('log8','log8','0');
Insert into USERS (LOGIN,PASSWORD,ROLE) values ('log9','log9','0');
Insert into USERS (LOGIN,PASSWORD,ROLE) values ('log1','log1','0');
Insert into USERS (LOGIN,PASSWORD,ROLE) values ('log10','log10','0');
Insert into USERS (LOGIN,PASSWORD,ROLE) values ('log11','log11','0');
Insert into USERS (LOGIN,PASSWORD,ROLE) values ('log12','log12','0');
Insert into USERS (LOGIN,PASSWORD,ROLE) values ('log13','log13','0');
Insert into USERS (LOGIN,PASSWORD,ROLE) values ('log14','log14','0');
Insert into USERS (LOGIN,PASSWORD,ROLE) values ('log15','log15','0');
Insert into USERS (LOGIN,PASSWORD,ROLE) values ('log16','log16','0');
Insert into USERS (LOGIN,PASSWORD,ROLE) values ('log17','log17','0');
Insert into USERS (LOGIN,PASSWORD,ROLE) values ('log18','log18','0');
Insert into USERS (LOGIN,PASSWORD,ROLE) values ('log19','log19','0');
Insert into USERS (LOGIN,PASSWORD,ROLE) values ('log20','log20','0');
Insert into USERS (LOGIN,PASSWORD,ROLE) values ('ricfo','qweqwe','1');
REM INSERTING into STUDENT
SET DEFINE OFF;
Insert into STUDENT (ST_NAME,ST_DEPARTMENT,ST_GROUP,ORGANIZATION_NAME_FK,ST_LOGIN_FK) values ('Student number 1','ФПМ','КМ-31','Organization 2','log1');
Insert into STUDENT (ST_NAME,ST_DEPARTMENT,ST_GROUP,ORGANIZATION_NAME_FK,ST_LOGIN_FK) values ('Student number 6','ФПМ','КВ-32',null,'log6');
Insert into STUDENT (ST_NAME,ST_DEPARTMENT,ST_GROUP,ORGANIZATION_NAME_FK,ST_LOGIN_FK) values ('Student number 2','ФПМ','КМ-31','Organization 11','log2');
Insert into STUDENT (ST_NAME,ST_DEPARTMENT,ST_GROUP,ORGANIZATION_NAME_FK,ST_LOGIN_FK) values ('Student number 3','ФПМ','КМ-32','Organization 21','log3');
Insert into STUDENT (ST_NAME,ST_DEPARTMENT,ST_GROUP,ORGANIZATION_NAME_FK,ST_LOGIN_FK) values ('Student number 4','ФПМ','КМ-33','Organization 5','log4');
Insert into STUDENT (ST_NAME,ST_DEPARTMENT,ST_GROUP,ORGANIZATION_NAME_FK,ST_LOGIN_FK) values ('Student number 5','ФПМ','КВ-31',null,'log5');
Insert into STUDENT (ST_NAME,ST_DEPARTMENT,ST_GROUP,ORGANIZATION_NAME_FK,ST_LOGIN_FK) values ('Student number 7','ФПМ','КП-31',null,'log7');
Insert into STUDENT (ST_NAME,ST_DEPARTMENT,ST_GROUP,ORGANIZATION_NAME_FK,ST_LOGIN_FK) values ('Student number 9','ІПСА','КА-31',null,'log9');
Insert into STUDENT (ST_NAME,ST_DEPARTMENT,ST_GROUP,ORGANIZATION_NAME_FK,ST_LOGIN_FK) values ('Student number 10','ІПСА','КА-32',null,'log10');
Insert into STUDENT (ST_NAME,ST_DEPARTMENT,ST_GROUP,ORGANIZATION_NAME_FK,ST_LOGIN_FK) values ('Student number 11','ІПСА','КА-33',null,'log11');
Insert into STUDENT (ST_NAME,ST_DEPARTMENT,ST_GROUP,ORGANIZATION_NAME_FK,ST_LOGIN_FK) values ('Student number 12','ІПСА','ДА-31',null,'log12');
Insert into STUDENT (ST_NAME,ST_DEPARTMENT,ST_GROUP,ORGANIZATION_NAME_FK,ST_LOGIN_FK) values ('Student number 13','ІПСА','ДА-32',null,'log13');
Insert into STUDENT (ST_NAME,ST_DEPARTMENT,ST_GROUP,ORGANIZATION_NAME_FK,ST_LOGIN_FK) values ('Student number 14','ІПСА','ДА-33',null,'log14');
Insert into STUDENT (ST_NAME,ST_DEPARTMENT,ST_GROUP,ORGANIZATION_NAME_FK,ST_LOGIN_FK) values ('Student number 15','ФМФ','ОМ-31',null,'log15');
Insert into STUDENT (ST_NAME,ST_DEPARTMENT,ST_GROUP,ORGANIZATION_NAME_FK,ST_LOGIN_FK) values ('Student number 16','ФМФ','ОМ-32',null,'log16');
Insert into STUDENT (ST_NAME,ST_DEPARTMENT,ST_GROUP,ORGANIZATION_NAME_FK,ST_LOGIN_FK) values ('Student number 17','ФМФ','ОМ-33',null,'log17');
Insert into STUDENT (ST_NAME,ST_DEPARTMENT,ST_GROUP,ORGANIZATION_NAME_FK,ST_LOGIN_FK) values ('Student number 18','ФМФ','ОД-31',null,'log18');
Insert into STUDENT (ST_NAME,ST_DEPARTMENT,ST_GROUP,ORGANIZATION_NAME_FK,ST_LOGIN_FK) values ('Student number 19','ФМФ','ОД-32',null,'log19');
Insert into STUDENT (ST_NAME,ST_DEPARTMENT,ST_GROUP,ORGANIZATION_NAME_FK,ST_LOGIN_FK) values ('Student number 20','ФМФ','ОД-33',null,'log20');
Insert into STUDENT (ST_NAME,ST_DEPARTMENT,ST_GROUP,ORGANIZATION_NAME_FK,ST_LOGIN_FK) values ('Student number 8','ФПМ','КП-32',null,'log8');
REM INSERTING into DIARY
SET DEFINE OFF;
Insert into DIARY (MARK_ONE,WEEK_THREE,UPDATE_DATE,ST_NAME_FK,THEME,WEEK_ONE,WEEK_TWO,MARK_TWO,MARK_THREE) values (null,null,null,'Student number 1','5',null,null,null,null);
Insert into DIARY (MARK_ONE,WEEK_THREE,UPDATE_DATE,ST_NAME_FK,THEME,WEEK_ONE,WEEK_TWO,MARK_TWO,MARK_THREE) values (null,null,null,'Student number 6',null,null,null,null,null);
Insert into DIARY (MARK_ONE,WEEK_THREE,UPDATE_DATE,ST_NAME_FK,THEME,WEEK_ONE,WEEK_TWO,MARK_TWO,MARK_THREE) values (null,null,null,'Student number 2','1',null,null,null,null);
Insert into DIARY (MARK_ONE,WEEK_THREE,UPDATE_DATE,ST_NAME_FK,THEME,WEEK_ONE,WEEK_TWO,MARK_TWO,MARK_THREE) values (null,null,null,'Student number 3','5',null,null,null,null);
Insert into DIARY (MARK_ONE,WEEK_THREE,UPDATE_DATE,ST_NAME_FK,THEME,WEEK_ONE,WEEK_TWO,MARK_TWO,MARK_THREE) values (null,null,null,'Student number 4','1',null,null,null,null);
Insert into DIARY (MARK_ONE,WEEK_THREE,UPDATE_DATE,ST_NAME_FK,THEME,WEEK_ONE,WEEK_TWO,MARK_TWO,MARK_THREE) values (null,null,null,'Student number 5',null,null,null,null,null);
Insert into DIARY (MARK_ONE,WEEK_THREE,UPDATE_DATE,ST_NAME_FK,THEME,WEEK_ONE,WEEK_TWO,MARK_TWO,MARK_THREE) values (null,null,null,'Student number 7',null,null,null,null,null);
Insert into DIARY (MARK_ONE,WEEK_THREE,UPDATE_DATE,ST_NAME_FK,THEME,WEEK_ONE,WEEK_TWO,MARK_TWO,MARK_THREE) values (null,null,null,'Student number 9',null,null,null,null,null);
Insert into DIARY (MARK_ONE,WEEK_THREE,UPDATE_DATE,ST_NAME_FK,THEME,WEEK_ONE,WEEK_TWO,MARK_TWO,MARK_THREE) values (null,null,null,'Student number 10',null,null,null,null,null);
Insert into DIARY (MARK_ONE,WEEK_THREE,UPDATE_DATE,ST_NAME_FK,THEME,WEEK_ONE,WEEK_TWO,MARK_TWO,MARK_THREE) values (null,null,null,'Student number 11',null,null,null,null,null);
Insert into DIARY (MARK_ONE,WEEK_THREE,UPDATE_DATE,ST_NAME_FK,THEME,WEEK_ONE,WEEK_TWO,MARK_TWO,MARK_THREE) values (null,null,null,'Student number 12',null,null,null,null,null);
Insert into DIARY (MARK_ONE,WEEK_THREE,UPDATE_DATE,ST_NAME_FK,THEME,WEEK_ONE,WEEK_TWO,MARK_TWO,MARK_THREE) values (null,null,null,'Student number 13',null,null,null,null,null);
Insert into DIARY (MARK_ONE,WEEK_THREE,UPDATE_DATE,ST_NAME_FK,THEME,WEEK_ONE,WEEK_TWO,MARK_TWO,MARK_THREE) values (null,null,null,'Student number 14',null,null,null,null,null);
Insert into DIARY (MARK_ONE,WEEK_THREE,UPDATE_DATE,ST_NAME_FK,THEME,WEEK_ONE,WEEK_TWO,MARK_TWO,MARK_THREE) values (null,null,null,'Student number 15',null,null,null,null,null);
Insert into DIARY (MARK_ONE,WEEK_THREE,UPDATE_DATE,ST_NAME_FK,THEME,WEEK_ONE,WEEK_TWO,MARK_TWO,MARK_THREE) values (null,null,null,'Student number 16',null,null,null,null,null);
Insert into DIARY (MARK_ONE,WEEK_THREE,UPDATE_DATE,ST_NAME_FK,THEME,WEEK_ONE,WEEK_TWO,MARK_TWO,MARK_THREE) values (null,null,null,'Student number 17',null,null,null,null,null);
Insert into DIARY (MARK_ONE,WEEK_THREE,UPDATE_DATE,ST_NAME_FK,THEME,WEEK_ONE,WEEK_TWO,MARK_TWO,MARK_THREE) values (null,null,null,'Student number 18',null,null,null,null,null);
Insert into DIARY (MARK_ONE,WEEK_THREE,UPDATE_DATE,ST_NAME_FK,THEME,WEEK_ONE,WEEK_TWO,MARK_TWO,MARK_THREE) values (null,null,null,'Student number 19',null,null,null,null,null);
Insert into DIARY (MARK_ONE,WEEK_THREE,UPDATE_DATE,ST_NAME_FK,THEME,WEEK_ONE,WEEK_TWO,MARK_TWO,MARK_THREE) values (null,null,null,'Student number 20',null,null,null,null,null);
Insert into DIARY (MARK_ONE,WEEK_THREE,UPDATE_DATE,ST_NAME_FK,THEME,WEEK_ONE,WEEK_TWO,MARK_TWO,MARK_THREE) values (null,null,null,'Student number 8',null,null,null,null,null);


REM INSERTING into FACGROUPS
SET DEFINE OFF;
Insert into FACGROUPS (FACULTY_NAME,GROUP_NAME) values ('ФПМ','КМ-31');
Insert into FACGROUPS (FACULTY_NAME,GROUP_NAME) values ('ФПМ','КМ-32');
Insert into FACGROUPS (FACULTY_NAME,GROUP_NAME) values ('ФПМ','КМ-33');
Insert into FACGROUPS (FACULTY_NAME,GROUP_NAME) values ('ФПМ','КВ-31');
Insert into FACGROUPS (FACULTY_NAME,GROUP_NAME) values ('ФПМ','КВ-32');
Insert into FACGROUPS (FACULTY_NAME,GROUP_NAME) values ('ФПМ','КВ-33');
Insert into FACGROUPS (FACULTY_NAME,GROUP_NAME) values ('ІПСА','КА-31');
Insert into FACGROUPS (FACULTY_NAME,GROUP_NAME) values ('ФПМ','КП-31');
Insert into FACGROUPS (FACULTY_NAME,GROUP_NAME) values ('ФПМ','КП-32');
Insert into FACGROUPS (FACULTY_NAME,GROUP_NAME) values ('ФПМ','КП-33');
Insert into FACGROUPS (FACULTY_NAME,GROUP_NAME) values ('ІПСА','КА-32');
Insert into FACGROUPS (FACULTY_NAME,GROUP_NAME) values ('ІПСА','КА-33');
Insert into FACGROUPS (FACULTY_NAME,GROUP_NAME) values ('ІПСА','КА-34');
Insert into FACGROUPS (FACULTY_NAME,GROUP_NAME) values ('ІПСА','КА-35');
Insert into FACGROUPS (FACULTY_NAME,GROUP_NAME) values ('ІПСА','ДА-31');
Insert into FACGROUPS (FACULTY_NAME,GROUP_NAME) values ('ІПСА','ДА-32');
Insert into FACGROUPS (FACULTY_NAME,GROUP_NAME) values ('ІПСА','ДА-33');
Insert into FACGROUPS (FACULTY_NAME,GROUP_NAME) values ('ІПСА','ДА-34');
Insert into FACGROUPS (FACULTY_NAME,GROUP_NAME) values ('ІПСА','ДА-35');
Insert into FACGROUPS (FACULTY_NAME,GROUP_NAME) values ('ФМФ','ОМ-31');
Insert into FACGROUPS (FACULTY_NAME,GROUP_NAME) values ('ФМФ','ОМ-32');
Insert into FACGROUPS (FACULTY_NAME,GROUP_NAME) values ('ФМФ','ОМ-33');
Insert into FACGROUPS (FACULTY_NAME,GROUP_NAME) values ('ФМФ','ОД-31');
Insert into FACGROUPS (FACULTY_NAME,GROUP_NAME) values ('ФМФ','ОД-32');
Insert into FACGROUPS (FACULTY_NAME,GROUP_NAME) values ('ФМФ','ОД-33');


REM INSERTING into TEACHER
SET DEFINE OFF;
Insert into TEACHER (T_NAME,ACADEMIC_DEGREE,T_DEPARTMENT,T_LOGIN_FK) values ('Чернявський Андрій Сергійович','доцент','ФПМ','ricfo');
